Hobby-name,Type,Icon
Air sports,Outdoors and sports,https://cdn-icons-png.flaticon.com/128/1384/1384739.png
Airsoft,Outdoors and sports,https://cdn-icons-png.flaticon.com/128/17153/17153990.png
Amateur geology,Outdoors and sports,
Amusement park visiting,Outdoors and sports,
Archery,Outdoors and sports,https://cdn-icons-png.flaticon.com/128/2827/2827022.png
Auto detailing,Outdoors and sports,https://cdn-icons-png.flaticon.com/128/4856/4856365.png
Automobilism,Outdoors and sports,https://cdn-icons-png.flaticon.com/128/3626/3626927.png
Astronomy,Outdoors and sports,https://cdn-icons-png.flaticon.com/128/1283/1283488.png
Backpacking,Outdoors and sports,https://cdn-icons-png.flaticon.com/128/18466/18466148.png
Badminton,Outdoors and sports,https://cdn-icons-png.flaticon.com/128/2633/2633871.png
BASE jumping,Outdoors and sports,https://cdn-icons-png.flaticon.com/128/17873/17873801.png
Baseball,Outdoors and sports,https://cdn-icons-png.flaticon.com/128/18660/18660622.png
Basketball,Outdoors and sports,https://cdn-icons-png.flaticon.com/128/18660/18660626.png
Beachcombing,Outdoors and sports,
Beekeeping,Outdoors and sports,https://cdn-icons-png.flaticon.com/128/5493/5493038.png
Birdwatching,Outdoors and sports,https://cdn-icons-png.flaticon.com/128/6105/6105166.png
Blacksmithing,Outdoors and sports,https://cdn-icons-png.flaticon.com/128/3943/3943605.png
BMX,Outdoors and sports,https://cdn-icons-png.flaticon.com/128/2503/2503373.png
Board sports,Outdoors and sports,https://cdn-icons-png.flaticon.com/128/7469/7469316.png
Bodybuilding,Outdoors and sports,https://cdn-icons-png.flaticon.com/128/6669/6669674.png
Bus riding,Outdoors and sports,https://cdn-icons-png.flaticon.com/128/16932/16932136.png
Camping,Outdoors and sports,https://cdn-icons-png.flaticon.com/128/1020/1020535.png
Canoeing,Outdoors and sports,https://cdn-icons-png.flaticon.com/128/3639/3639633.png
Canyoning,Outdoors and sports,https://cdn-icons-png.flaticon.com/128/11145/11145653.png
Carrier pigeons,Outdoors and sports,https://cdn-icons-png.flaticon.com/128/3664/3664321.png
Car riding,Outdoors and sports,https://cdn-icons-png.flaticon.com/128/15764/15764597.png
Car tuning,Outdoors and sports,https://cdn-icons-png.flaticon.com/128/4750/4750986.png
Caving,Outdoors and sports,https://cdn-icons-png.flaticon.com/128/1059/1059496.png
City trip,Outdoors and sports,https://cdn-icons-png.flaticon.com/128/2603/2603724.png
Climbing,Outdoors and sports,https://cdn-icons-png.flaticon.com/128/1142/1142682.png
Composting,Outdoors and sports,https://cdn-icons-png.flaticon.com/128/4660/4660792.png
Croquet,Outdoors and sports,https://cdn-icons-png.flaticon.com/128/6037/6037905.png
Cycling,Outdoors and sports,https://cdn-icons-png.flaticon.com/128/2926/2926927.png
Dairy Farming,Outdoors and sports,https://cdn-icons-png.flaticon.com/128/3024/3024313.png
Dandyism,Outdoors and sports,
Darts,Outdoors and sports,https://cdn-icons-png.flaticon.com/128/3176/3176382.png
Dodgeball,Outdoors and sports,https://cdn-icons-png.flaticon.com/128/3490/3490955.png
Dog training,Outdoors and sports,https://cdn-icons-png.flaticon.com/128/3048/3048404.png
Dog walking,Outdoors and sports,https://cdn-icons-png.flaticon.com/128/3827/3827181.png
Dowsing,Outdoors and sports,
Driving,Outdoors and sports,https://cdn-icons-png.flaticon.com/128/3410/3410350.png
Farming,Outdoors and sports,https://cdn-icons-png.flaticon.com/128/5341/5341391.png
Fishing,Outdoors and sports,https://cdn-icons-png.flaticon.com/128/1886/1886614.png
Flag football,Outdoors and sports,https://cdn-icons-png.flaticon.com/128/9192/9192640.png
Flower growing,Outdoors and sports,https://cdn-icons-png.flaticon.com/128/1906/1906867.png
Flying,Outdoors and sports,https://cdn-icons-png.flaticon.com/128/2849/2849905.png
Flying disc,Outdoors and sports,https://cdn-icons-png.flaticon.com/128/14022/14022075.png
Flying model planes,Outdoors and sports,
Foraging,Outdoors and sports,https://cdn-icons-png.flaticon.com/128/459/459829.png
Fossicking,Outdoors and sports,
Freestyle football,Outdoors and sports,https://cdn-icons-png.flaticon.com/128/984/984261.png
Fruit picking,Outdoors and sports,https://cdn-icons-png.flaticon.com/128/15049/15049387.png
Gardening,Outdoors and sports,https://cdn-icons-png.flaticon.com/128/18633/18633365.png
Geocaching,Outdoors and sports,https://cdn-icons-png.flaticon.com/128/854/854878.png
Ghost hunting,Outdoors and sports,https://cdn-icons-png.flaticon.com/128/1752/1752803.png
Gold prospecting,Outdoors and sports,
Graffiti,Outdoors and sports,https://cdn-icons-png.flaticon.com/128/2919/2919758.png
Groundhopping,Outdoors and sports,
Guerrilla gardening,Outdoors and sports,https://cdn-icons-png.flaticon.com/128/10434/10434480.png
Gymnastics,Outdoors and sports,https://cdn-icons-png.flaticon.com/128/1803/1803373.png
Handball,Outdoors and sports,https://cdn-icons-png.flaticon.com/128/6836/6836853.png
Herbalism,Outdoors and sports,https://cdn-icons-png.flaticon.com/128/2382/2382579.png
Herping,Outdoors and sports,https://cdn-icons-png.flaticon.com/128/7350/7350791.png
High-power rocketry,Outdoors and sports,
Hiking,Outdoors and sports,https://cdn-icons-png.flaticon.com/128/1974/1974052.png
Hobby tunneling,Outdoors and sports,https://cdn-icons-png.flaticon.com/128/10809/10809204.png
Hooping,Outdoors and sports,https://cdn-icons-png.flaticon.com/128/11698/11698839.png
Horseback riding,Outdoors and sports,https://cdn-icons-png.flaticon.com/128/16932/16932218.png
Hunting,Outdoors and sports,https://cdn-icons-png.flaticon.com/128/784/784387.png
Inline skating,Outdoors and sports,https://cdn-icons-png.flaticon.com/128/17696/17696853.png
Jogging,Outdoors and sports,https://cdn-icons-png.flaticon.com/128/7411/7411535.png
Jumping rope,Outdoors and sports,https://cdn-icons-png.flaticon.com/128/2133/2133878.png
Karting,Outdoors and sports,https://cdn-icons-png.flaticon.com/128/1506/1506345.png
Kayaking,Outdoors and sports,https://cdn-icons-png.flaticon.com/128/3087/3087201.png
Kite flying,Outdoors and sports,https://cdn-icons-png.flaticon.com/128/2228/2228452.png
Kitesurfing,Outdoors and sports,https://cdn-icons-png.flaticon.com/128/16438/16438096.png
Lacrosse,Outdoors and sports,https://cdn-icons-png.flaticon.com/128/2633/2633985.png
LARPing,Outdoors and sports,
Letterboxing,Outdoors and sports,https://cdn-icons-png.flaticon.com/128/4439/4439763.png
Lomography,Outdoors and sports,https://cdn-icons-png.flaticon.com/128/4802/4802716.png
Longboarding,Outdoors and sports,https://cdn-icons-png.flaticon.com/128/7661/7661325.png
Martial arts,Outdoors and sports,https://cdn-icons-png.flaticon.com/128/6314/6314932.png
Magnet fishing,Outdoors and sports,https://cdn-icons-png.flaticon.com/128/1164/1164222.png
Metal detecting,Outdoors and sports,https://cdn-icons-png.flaticon.com/128/10226/10226000.png
Motorcycling,Outdoors and sports,https://cdn-icons-png.flaticon.com/128/6556/6556429.png
Meteorology,Outdoors and sports,https://cdn-icons-png.flaticon.com/128/6037/6037755.png
Motor sports,Outdoors and sports,https://cdn-icons-png.flaticon.com/128/1048/1048334.png
Mountain biking,Outdoors and sports,https://cdn-icons-png.flaticon.com/128/788/788043.png
Mountaineering,Outdoors and sports,https://cdn-icons-png.flaticon.com/128/1171/1171260.png
Museum visiting,Outdoors and sports,https://cdn-icons-png.flaticon.com/128/6447/6447138.png
Mushroom hunting/mycology,Outdoors and sports,
Netball,Outdoors and sports,https://cdn-icons-png.flaticon.com/128/667/667546.png
Noodling,Outdoors and sports,https://cdn-icons-png.flaticon.com/128/3041/3041130.png
Nordic skating,Outdoors and sports,https://cdn-icons-png.flaticon.com/128/10600/10600167.png
Orienteering,Outdoors and sports,https://cdn-icons-png.flaticon.com/128/4248/4248245.png
Paintball,Outdoors and sports,https://cdn-icons-png.flaticon.com/128/3547/3547856.png
Paragliding,Outdoors and sports,https://cdn-icons-png.flaticon.com/128/2503/2503510.png
Parkour,Outdoors and sports,https://cdn-icons-png.flaticon.com/128/17873/17873813.png
Photography,Outdoors and sports,https://cdn-icons-png.flaticon.com/128/461/461823.png
Pickleball,Outdoors and sports,https://cdn-icons-png.flaticon.com/128/16117/16117715.png
Picnicking,Outdoors and sports,https://cdn-icons-png.flaticon.com/128/1965/1965140.png
Podcast hosting,Outdoors and sports,https://cdn-icons-png.flaticon.com/128/3742/3742679.png
Polo,Outdoors and sports,https://cdn-icons-png.flaticon.com/128/3409/3409038.png
Powerlifting,Outdoors and sports,https://cdn-icons-png.flaticon.com/128/16902/16902965.png
Public transport riding,Outdoors and sports,https://cdn-icons-png.flaticon.com/128/3445/3445231.png
Qigong,Outdoors and sports,https://cdn-icons-png.flaticon.com/128/5147/5147188.png
Radio-controlled model playing,Outdoors and sports,
Rafting,Outdoors and sports,https://cdn-icons-png.flaticon.com/128/9041/9041787.png
Railway journeys,Outdoors and sports,https://cdn-icons-png.flaticon.com/128/15869/15869390.png
Railway modelling,Outdoors and sports,https://cdn-icons-png.flaticon.com/128/9387/9387978.png
Rappelling,Outdoors and sports,https://cdn-icons-png.flaticon.com/128/3163/3163753.png
Renaissance fair,Outdoors and sports,
Renovating,Outdoors and sports,https://cdn-icons-png.flaticon.com/128/2942/2942587.png
Road biking,Outdoors and sports,https://cdn-icons-png.flaticon.com/128/3180/3180487.png
Rock climbing,Outdoors and sports,https://cdn-icons-png.flaticon.com/128/4357/4357659.png
Rock painting,Outdoors and sports,https://cdn-icons-png.flaticon.com/128/925/925141.png
Roller skating,Outdoors and sports,https://cdn-icons-png.flaticon.com/128/4357/4357666.png
Roundnet,Outdoors and sports,
Rugby,Outdoors and sports,https://cdn-icons-png.flaticon.com/128/2972/2972028.png
Running,Outdoors and sports,https://cdn-icons-png.flaticon.com/128/6265/6265854.png
Safari,Outdoors and sports,https://cdn-icons-png.flaticon.com/128/11369/11369301.png
Sailing,Outdoors and sports,https://cdn-icons-png.flaticon.com/128/3090/3090326.png
Sand art,Outdoors and sports,https://cdn-icons-png.flaticon.com/128/2954/2954770.png
Scouting,Outdoors and sports,https://cdn-icons-png.flaticon.com/128/2733/2733303.png
Scuba diving,Outdoors and sports,https://cdn-icons-png.flaticon.com/128/3163/3163732.png
Sculling or rowing,Outdoors and sports,
Shooting,Outdoors and sports,https://cdn-icons-png.flaticon.com/128/5322/5322198.png
Shopping,Outdoors and sports,https://cdn-icons-png.flaticon.com/128/2331/2331970.png
Shuffleboard,Outdoors and sports,https://cdn-icons-png.flaticon.com/128/12691/12691086.png
Skateboarding,Outdoors and sports,https://cdn-icons-png.flaticon.com/128/1048/1048312.png
Skiing,Outdoors and sports,https://cdn-icons-png.flaticon.com/128/3163/3163769.png
Skimboarding,Outdoors and sports,https://cdn-icons-png.flaticon.com/128/375/375379.png
Skydiving,Outdoors and sports,https://cdn-icons-png.flaticon.com/128/3714/3714445.png
Slacklining,Outdoors and sports,https://cdn-icons-png.flaticon.com/128/6522/6522179.png
Sledding,Outdoors and sports,https://cdn-icons-png.flaticon.com/128/6273/6273805.png
Snorkeling,Outdoors and sports,https://cdn-icons-png.flaticon.com/128/4890/4890813.png
Snowboarding,Outdoors and sports,https://cdn-icons-png.flaticon.com/128/2503/2503541.png
Snowmobiling,Outdoors and sports,https://cdn-icons-png.flaticon.com/128/1403/1403952.png
Snowshoeing,Outdoors and sports,https://cdn-icons-png.flaticon.com/128/3827/3827148.png
Soccer,Outdoors and sports,https://cdn-icons-png.flaticon.com/128/919/919471.png
Stone skipping,Outdoors and sports,
Storm chasing,Outdoors and sports,https://cdn-icons-png.flaticon.com/128/1809/1809765.png
Sun bathing,Outdoors and sports,https://cdn-icons-png.flaticon.com/128/7121/7121155.png
Surfing,Outdoors and sports,https://cdn-icons-png.flaticon.com/128/3090/3090316.png
Survivalism,Outdoors and sports,https://cdn-icons-png.flaticon.com/128/1830/1830788.png
Swimming,Outdoors and sports,https://cdn-icons-png.flaticon.com/128/2264/2264829.png
Table tennis playing,Outdoors and sports,https://cdn-icons-png.flaticon.com/128/11532/11532091.png
Taekwondo,Outdoors and sports,https://cdn-icons-png.flaticon.com/128/16245/16245565.png
Tai chi,Outdoors and sports,https://cdn-icons-png.flaticon.com/128/5147/5147188.png
Tennis,Outdoors and sports,https://cdn-icons-png.flaticon.com/128/9012/9012192.png
Thru-hiking,Outdoors and sports,
Topiary,Outdoors and sports,https://cdn-icons-png.flaticon.com/128/13504/13504904.png
Tourism,Outdoors and sports,https://cdn-icons-png.flaticon.com/128/5333/5333722.png
Trade fair visiting,Outdoors and sports,
Travel,Outdoors and sports,https://cdn-icons-png.flaticon.com/128/826/826070.png
Unicycling,Outdoors and sports,https://cdn-icons-png.flaticon.com/128/835/835921.png
Urban exploration,Outdoors and sports,https://cdn-icons-png.flaticon.com/128/13447/13447453.png
Vacation,Outdoors and sports,https://cdn-icons-png.flaticon.com/128/2664/2664593.png
Vegetable farming,Outdoors and sports,https://cdn-icons-png.flaticon.com/128/4251/4251938.png
Vehicle restoration,Outdoors and sports,https://cdn-icons-png.flaticon.com/128/12988/12988667.png
Videography,Outdoors and sports,https://cdn-icons-png.flaticon.com/128/6554/6554287.png
Volleyball,Outdoors and sports,https://cdn-icons-png.flaticon.com/128/5496/5496293.png
Volunteering,Outdoors and sports,https://cdn-icons-png.flaticon.com/128/3045/3045363.png
Walking,Outdoors and sports,https://cdn-icons-png.flaticon.com/128/5147/5147215.png
Water sports,Outdoors and sports,https://cdn-icons-png.flaticon.com/128/6774/6774899.png
Zoo visiting,Outdoors and sports,https://cdn-icons-png.flaticon.com/128/18321/18321340.png
Archaeology,Educational hobby,https://cdn-icons-png.flaticon.com/128/4125/4125987.png
Architecture,Educational hobby,https://cdn-icons-png.flaticon.com/128/1317/1317487.png
Astronomy,Educational hobby,
Animation,Educational hobby,https://cdn-icons-png.flaticon.com/128/5261/5261267.png
Aerospace,Educational hobby,https://cdn-icons-png.flaticon.com/128/15189/15189270.png
Biology,Educational hobby,https://cdn-icons-png.flaticon.com/128/2941/2941552.png
Botany,Educational hobby,https://cdn-icons-png.flaticon.com/128/10510/10510915.png
Business,Educational hobby,https://cdn-icons-png.flaticon.com/128/3135/3135727.png
Chemistry,Educational hobby,https://cdn-icons-png.flaticon.com/128/2020/2020550.png
Entrepreneurship,Educational hobby,https://cdn-icons-png.flaticon.com/128/8653/8653376.png
Finance,Educational hobby,https://cdn-icons-png.flaticon.com/128/781/781760.png
Geography,Educational hobby,https://cdn-icons-png.flaticon.com/128/2385/2385160.png
History,Educational hobby,https://cdn-icons-png.flaticon.com/128/2682/2682065.png
Linguistics,Educational hobby,https://cdn-icons-png.flaticon.com/128/9100/9100932.png
Literature,Educational hobby,https://cdn-icons-png.flaticon.com/128/1321/1321029.png
Mathematics,Educational hobby,https://cdn-icons-png.flaticon.com/128/7858/7858481.png
Medical science,Educational hobby,https://cdn-icons-png.flaticon.com/128/1157/1157001.png
Microbiology,Educational hobby,https://cdn-icons-png.flaticon.com/128/6037/6037883.png
Mycology,Educational hobby,https://cdn-icons-png.flaticon.com/128/8711/8711372.png
Myrmecology,Educational hobby,
Neuroscience,Educational hobby,https://cdn-icons-png.flaticon.com/128/16848/16848997.png
Philosophy,Educational hobby,https://cdn-icons-png.flaticon.com/128/4576/4576683.png
Physics,Educational hobby,https://cdn-icons-png.flaticon.com/128/18778/18778780.png
Psychology,Educational hobby,https://cdn-icons-png.flaticon.com/128/4305/4305261.png
Railway studies,Educational hobby,
Religious studies,Educational hobby,https://cdn-icons-png.flaticon.com/128/4634/4634814.png
Research,Educational hobby,
Science and technology studies,Educational hobby,https://cdn-icons-png.flaticon.com/128/11347/11347553.png
Social studies,Educational hobby,https://cdn-icons-png.flaticon.com/128/869/869196.png
Sociology,Educational hobby,https://cdn-icons-png.flaticon.com/128/4515/4515654.png
Sports science,Educational hobby,https://cdn-icons-png.flaticon.com/128/2103/2103473.png
Story writing,Educational hobby,https://cdn-icons-png.flaticon.com/128/3986/3986035.png
Life science,Educational hobby,https://cdn-icons-png.flaticon.com/128/2746/2746332.png
Teaching,Educational hobby,https://cdn-icons-png.flaticon.com/128/5344/5344646.png
Web design,Educational hobby,https://cdn-icons-png.flaticon.com/128/1055/1055666.png
engineering,Educational hobby,https://cdn-icons-png.flaticon.com/128/2061/2061956.png
jurisprudential,Educational hobby,
publishing,Educational hobby,https://cdn-icons-png.flaticon.com/128/5526/5526434.png
Wikipedia editing,Educational hobby,
Action figure,Indoor Collection hobby,https://cdn-icons-png.flaticon.com/128/4321/4321132.png
Antiquing,Indoor Collection hobby,https://cdn-icons-png.flaticon.com/128/2919/2919219.png
Ant-keeping,Indoor Collection hobby,
Art collecting,Indoor Collection hobby,https://cdn-icons-png.flaticon.com/128/13096/13096917.png
Book collecting,Indoor Collection hobby,https://cdn-icons-png.flaticon.com/128/16441/16441833.png
Button collecting,Indoor Collection hobby,https://cdn-icons-png.flaticon.com/128/2854/2854514.png
Cartophily (card collecting),Indoor Collection hobby,
Coin collecting,Indoor Collection hobby,https://cdn-icons-png.flaticon.com/128/7191/7191374.png
Comic book collecting,Indoor Collection hobby,https://cdn-icons-png.flaticon.com/128/1459/1459240.png
Compact discs,Indoor Collection hobby,https://cdn-icons-png.flaticon.com/128/1504/1504432.png
Crystals,Indoor Collection hobby,https://cdn-icons-png.flaticon.com/128/17703/17703041.png
Deltiology (postcard collecting),Indoor Collection hobby,
Die-cast toy,Indoor Collection hobby,
Digital hoarding,Indoor Collection hobby,
Dolls,Indoor Collection hobby,https://cdn-icons-png.flaticon.com/128/8013/8013731.png
Element collecting,Indoor Collection hobby,https://cdn-icons-png.flaticon.com/128/17343/17343433.png
Ephemera collecting,Indoor Collection hobby,
Films,Indoor Collection hobby,https://cdn-icons-png.flaticon.com/128/17115/17115411.png
Fingerprint collecting,Indoor Collection hobby,https://cdn-icons-png.flaticon.com/128/8392/8392599.png
Fusilately (phonecard collecting),Indoor Collection hobby,
Knife collecting,Indoor Collection hobby,https://cdn-icons-png.flaticon.com/128/14137/14137295.png
Lapel pins,Indoor Collection hobby,
Lotology (lottery ticket collecting),Indoor Collection hobby,
Movie memorabilia collecting,Indoor Collection hobby,
Notaphily (banknote collecting),Indoor Collection hobby,
Perfume,Indoor Collection hobby,https://cdn-icons-png.flaticon.com/128/539/539518.png
Philately,Indoor Collection hobby,https://cdn-icons-png.flaticon.com/128/1729/1729065.png
Phillumeny,Indoor Collection hobby,
Radio-controlled model collecting,Indoor Collection hobby,
Rail transport modelling,Indoor Collection hobby,
Record collecting,Indoor Collection hobby,https://cdn-icons-png.flaticon.com/128/6283/6283105.png
Rock tumbling,Indoor Collection hobby,
Scutelliphily,Indoor Collection hobby,
Shoes,Indoor Collection hobby,https://cdn-icons-png.flaticon.com/128/1785/1785348.png
Slot car,Indoor Collection hobby,https://cdn-icons-png.flaticon.com/128/3005/3005431.png
Sports memorabilia,Indoor Collection hobby,https://cdn-icons-png.flaticon.com/128/17874/17874247.png
Stamp collecting,Indoor Collection hobby,https://cdn-icons-png.flaticon.com/128/8052/8052786.png
Stuffed toy collecting,Indoor Collection hobby,
Tea bag collecting,Indoor Collection hobby,https://cdn-icons-png.flaticon.com/128/4689/4689361.png
Ticket collecting,Indoor Collection hobby,https://cdn-icons-png.flaticon.com/128/2570/2570517.png
Transit map collecting,Indoor Collection hobby,
Video game collecting,Indoor Collection hobby,https://cdn-icons-png.flaticon.com/128/8463/8463120.png
Vintage cars,Indoor Collection hobby,https://cdn-icons-png.flaticon.com/128/2579/2579632.png
Vintage clothing,Indoor Collection hobby,https://cdn-icons-png.flaticon.com/128/7223/7223203.png
Vinyl records,Indoor Collection hobby,https://cdn-icons-png.flaticon.com/128/1834/1834342.png
Antiquities,Outdoor Collection hobby,https://cdn-icons-png.flaticon.com/128/2919/2919219.png
Auto audiophilia,Outdoor Collection hobby,
Flower collecting and pressing,Outdoor Collection hobby,
Fossil hunting,Outdoor Collection hobby,
Insect collecting,Outdoor Collection hobby,https://cdn-icons-png.flaticon.com/128/2964/2964896.png
Leaves,Outdoor Collection hobby,https://cdn-icons-png.flaticon.com/128/18427/18427994.png
Magnet fishing,Outdoor Collection hobby,
Metal detecting,Outdoor Collection hobby,
Mineral collecting,Outdoor Collection hobby,https://cdn-icons-png.flaticon.com/128/981/981584.png
Rock balancing,Outdoor Collection hobby,https://cdn-icons-png.flaticon.com/128/1806/1806399.png
Sea glass collecting,Outdoor Collection hobby,
Seashell collecting,Outdoor Collection hobby,https://cdn-icons-png.flaticon.com/128/16452/16452506.png
Stone collecting,Outdoor Collection hobby,
Air hockey,Indoor Competitive hobby,https://cdn-icons-png.flaticon.com/128/556/556428.png
Animal fancy,Indoor Competitive hobby,https://cdn-icons-png.flaticon.com/128/4716/4716303.png
Axe throwing,Indoor Competitive hobby,https://cdn-icons-png.flaticon.com/128/3548/3548900.png
Backgammon,Indoor Competitive hobby,https://cdn-icons-png.flaticon.com/128/5127/5127348.png
Badminton,Indoor Competitive hobby,
Baking,Indoor Competitive hobby,https://cdn-icons-png.flaticon.com/128/2917/2917633.png
Ballet dancing,Indoor Competitive hobby,https://cdn-icons-png.flaticon.com/128/2251/2251946.png
Ballroom dancing,Indoor Competitive hobby,https://cdn-icons-png.flaticon.com/128/9451/9451930.png
Baton twirling,Indoor Competitive hobby,https://cdn-icons-png.flaticon.com/128/8197/8197365.png
Beauty pageants,Indoor Competitive hobby,
Billiards,Indoor Competitive hobby,https://cdn-icons-png.flaticon.com/128/4295/4295446.png
Book folding,Indoor Competitive hobby,https://cdn-icons-png.flaticon.com/128/4710/4710645.png
Bowling,Indoor Competitive hobby,https://cdn-icons-png.flaticon.com/128/3390/3390854.png
Boxing,Indoor Competitive hobby,https://cdn-icons-png.flaticon.com/128/6435/6435969.png
Bridge,Indoor Competitive hobby,https://cdn-icons-png.flaticon.com/128/14101/14101635.png
Cooking,Indoor Competitive hobby,https://cdn-icons-png.flaticon.com/128/1830/1830839.png
Checkers (draughts),Indoor Competitive hobby,https://cdn-icons-png.flaticon.com/128/14660/14660480.png
Cheerleading,Indoor Competitive hobby,https://cdn-icons-png.flaticon.com/128/5351/5351733.png
Chess,Indoor Competitive hobby,https://cdn-icons-png.flaticon.com/128/3854/3854627.png
Color guard,Indoor Competitive hobby,https://cdn-icons-png.flaticon.com/128/11420/11420758.png
Cribbage,Indoor Competitive hobby,https://cdn-icons-png.flaticon.com/128/10646/10646200.png
Curling,Indoor Competitive hobby,https://cdn-icons-png.flaticon.com/128/3105/3105395.png
Dancing,Indoor Competitive hobby,https://cdn-icons-png.flaticon.com/128/3048/3048356.png
Darts,Indoor Competitive hobby,
Debate,Indoor Competitive hobby,https://cdn-icons-png.flaticon.com/128/6705/6705286.png
Dominoes,Indoor Competitive hobby,https://cdn-icons-png.flaticon.com/128/891/891970.png
Eating,Indoor Competitive hobby,https://cdn-icons-png.flaticon.com/128/3475/3475150.png
Esports,Indoor Competitive hobby,https://cdn-icons-png.flaticon.com/128/8037/8037151.png
Fencing,Indoor Competitive hobby,https://cdn-icons-png.flaticon.com/128/2194/2194871.png
Figure Skating,Indoor Competitive hobby,https://cdn-icons-png.flaticon.com/128/619/619307.png
Go,Indoor Competitive hobby,https://cdn-icons-png.flaticon.com/128/5486/5486216.png
Gymnastics,Indoor Competitive hobby,
Ice hockey,Indoor Competitive hobby,https://cdn-icons-png.flaticon.com/128/4357/4357794.png
Ice skating,Indoor Competitive hobby,https://cdn-icons-png.flaticon.com/128/15793/15793023.png
Judo,Indoor Competitive hobby,https://cdn-icons-png.flaticon.com/128/16272/16272307.png
Jujitsu,Indoor Competitive hobby,https://cdn-icons-png.flaticon.com/128/14871/14871634.png
Kabaddi,Indoor Competitive hobby,https://cdn-icons-png.flaticon.com/128/11171/11171413.png
Knowledge/word games,Indoor Competitive hobby,
Laser tag,Indoor Competitive hobby,https://cdn-icons-png.flaticon.com/128/6629/6629713.png
Magic,Indoor Competitive hobby,https://cdn-icons-png.flaticon.com/128/3204/3204021.png
Mahjong,Indoor Competitive hobby,https://cdn-icons-png.flaticon.com/128/594/594685.png
Marbles,Indoor Competitive hobby,https://cdn-icons-png.flaticon.com/128/13470/13470581.png
Martial arts,Indoor Competitive hobby,
Model racing,Indoor Competitive hobby,https://cdn-icons-png.flaticon.com/128/4515/4515602.png
Model United Nations,Indoor Competitive hobby,
Pinball,Indoor Competitive hobby,https://cdn-icons-png.flaticon.com/128/7960/7960355.png
Poker,Indoor Competitive hobby,https://cdn-icons-png.flaticon.com/128/5537/5537635.png
Pole dancing,Indoor Competitive hobby,https://cdn-icons-png.flaticon.com/128/10626/10626430.png
Pool,Indoor Competitive hobby,https://cdn-icons-png.flaticon.com/128/1925/1925823.png
Radio-controlled model playing,Indoor Competitive hobby,
Role-playing games,Indoor Competitive hobby,https://cdn-icons-png.flaticon.com/128/14480/14480458.png
Rughooking,Indoor Competitive hobby,
Shogi,Indoor Competitive hobby,https://cdn-icons-png.flaticon.com/128/6920/6920175.png
Slot car racing,Indoor Competitive hobby,
Speedcubing,Indoor Competitive hobby,
Sport stacking,Indoor Competitive hobby,https://cdn-icons-png.flaticon.com/128/3266/3266894.png
Table football,Indoor Competitive hobby,https://cdn-icons-png.flaticon.com/128/5222/5222509.png
Table tennis,Indoor Competitive hobby,
Volleyball,Indoor Competitive hobby,
Video gaming,Indoor Competitive hobby,https://cdn-icons-png.flaticon.com/128/808/808439.png
VR gaming,Indoor Competitive hobby,https://cdn-icons-png.flaticon.com/128/1509/1509638.png
Weightlifting,Indoor Competitive hobby,https://cdn-icons-png.flaticon.com/128/1296/1296839.png
Wrestling,Indoor Competitive hobby,https://cdn-icons-png.flaticon.com/128/4658/4658048.png
Airsoft,Outdoor Competitive hobby,
Archery,Outdoor Competitive hobby,
Association football,Outdoor Competitive hobby,https://cdn-icons-png.flaticon.com/128/11844/11844457.png
Australian rules football,Outdoor Competitive hobby,https://cdn-icons-png.flaticon.com/128/18813/18813251.png
Auto racing,Outdoor Competitive hobby,https://cdn-icons-png.flaticon.com/128/3295/3295243.png
Baseball,Outdoor Competitive hobby,
Beach volleyball,Outdoor Competitive hobby,https://cdn-icons-png.flaticon.com/128/7439/7439270.png
Breakdancing,Outdoor Competitive hobby,https://cdn-icons-png.flaticon.com/128/17957/17957994.png
capoeira,Outdoor Competitive hobby,https://cdn-icons-png.flaticon.com/128/2534/2534356.png
Climbing,Outdoor Competitive hobby,
Cornhole,Outdoor Competitive hobby,https://cdn-icons-png.flaticon.com/128/3990/3990205.png
Cricket,Outdoor Competitive hobby,https://cdn-icons-png.flaticon.com/128/1099/1099680.png
Croquet,Outdoor Competitive hobby,
Cycling,Outdoor Competitive hobby,
Disc golf,Outdoor Competitive hobby,https://cdn-icons-png.flaticon.com/128/820/820023.png
Dog sport,Outdoor Competitive hobby,https://cdn-icons-png.flaticon.com/128/2219/2219856.png
Equestrianism,Outdoor Competitive hobby,https://cdn-icons-png.flaticon.com/128/15179/15179998.png
Exhibition drill,Outdoor Competitive hobby,
Field hockey,Outdoor Competitive hobby,https://cdn-icons-png.flaticon.com/128/2461/2461430.png
Figure skating,Outdoor Competitive hobby,https://cdn-icons-png.flaticon.com/128/1218/1218260.png
Fishing,Outdoor Competitive hobby,
Fitness,Outdoor Competitive hobby,https://cdn-icons-png.flaticon.com/128/1719/1719714.png
Footbag,Outdoor Competitive hobby,https://cdn-icons-png.flaticon.com/128/5921/5921473.png
Frisbee,Outdoor Competitive hobby,https://cdn-icons-png.flaticon.com/128/4598/4598450.png
Rugby league football,Outdoor Competitive hobby,https://cdn-icons-png.flaticon.com/128/14676/14676682.png
Sculling or rowing,Outdoor Competitive hobby,
Shooting sports,Outdoor Competitive hobby,https://cdn-icons-png.flaticon.com/128/3553/3553209.png
Skateboarding,Outdoor Competitive hobby,
Skiing,Outdoor Competitive hobby,
Sled dog racing,Outdoor Competitive hobby,
Softball,Outdoor Competitive hobby,https://cdn-icons-png.flaticon.com/128/6703/6703339.png
Speed skating,Outdoor Competitive hobby,https://cdn-icons-png.flaticon.com/128/3005/3005938.png
Squash,Outdoor Competitive hobby,https://cdn-icons-png.flaticon.com/128/2265/2265136.png
Surfing,Outdoor Competitive hobby,
Swimming,Outdoor Competitive hobby,
Table tennis,Outdoor Competitive hobby,https://cdn-icons-png.flaticon.com/128/1087/1087299.png
Tennis,Outdoor Competitive hobby,
Tennis polo,Outdoor Competitive hobby,https://cdn-icons-png.flaticon.com/128/13715/13715209.png
Tether car,Outdoor Competitive hobby,
Tour skating,Outdoor Competitive hobby,https://cdn-icons-png.flaticon.com/128/13253/13253471.png
Tourism,Outdoor Competitive hobby,
Trapshooting,Outdoor Competitive hobby,
Triathlon,Outdoor Competitive hobby,https://cdn-icons-png.flaticon.com/128/3344/3344156.png
Ultimate frisbee,Outdoor Competitive hobby,https://cdn-icons-png.flaticon.com/128/17153/17153484.png
Volleyball,Outdoor Competitive hobby,
Water polo,Outdoor Competitive hobby,https://cdn-icons-png.flaticon.com/128/7413/7413401.png
Golfing,Outdoor Competitive hobby,https://cdn-icons-png.flaticon.com/128/2514/2514078.png
Handball,Outdoor Competitive hobby,
Horseback riding,Outdoor Competitive hobby,
Horsemanship,Outdoor Competitive hobby,https://cdn-icons-png.flaticon.com/128/9537/9537923.png
Horseshoes,Outdoor Competitive hobby,https://cdn-icons-png.flaticon.com/128/3639/3639297.png
Iceboat racing,Outdoor Competitive hobby,
Jukskei,Outdoor Competitive hobby,
Kart racing,Outdoor Competitive hobby,https://cdn-icons-png.flaticon.com/128/1506/1506345.png
Knife throwing,Outdoor Competitive hobby,https://cdn-icons-png.flaticon.com/128/2788/2788740.png
Lacrosse,Outdoor Competitive hobby,
Longboarding,Outdoor Competitive hobby,
Long-distance running,Outdoor Competitive hobby,https://cdn-icons-png.flaticon.com/128/3343/3343559.png
Marching band,Outdoor Competitive hobby,https://cdn-icons-png.flaticon.com/128/11622/11622321.png
Mini Golf,Outdoor Competitive hobby,https://cdn-icons-png.flaticon.com/128/586/586515.png
Model aircraft,Outdoor Competitive hobby,https://cdn-icons-png.flaticon.com/128/2306/2306651.png
Orienteering,Outdoor Competitive hobby,
Pickleball,Outdoor Competitive hobby,
Powerboat racing,Outdoor Competitive hobby,https://cdn-icons-png.flaticon.com/128/9223/9223702.png
Quidditch,Outdoor Competitive hobby,
Race walking,Outdoor Competitive hobby,https://cdn-icons-png.flaticon.com/128/13265/13265970.png
Racquetball,Outdoor Competitive hobby,https://cdn-icons-png.flaticon.com/128/8526/8526597.png
Radio-controlled car racing,Outdoor Competitive hobby,https://cdn-icons-png.flaticon.com/128/6173/6173474.png
Radio-controlled model playing,Outdoor Competitive hobby,
Roller derby,Outdoor Competitive hobby,https://cdn-icons-png.flaticon.com/128/14108/14108271.png
Audiophile,Indoor Observation hobby,https://cdn-icons-png.flaticon.com/128/12889/12889532.png
Ant farming,Indoor Observation hobby,https://cdn-icons-png.flaticon.com/128/6485/6485651.png
Fishkeeping,Indoor Observation hobby,https://cdn-icons-png.flaticon.com/128/13507/13507820.png
Learning,Indoor Observation hobby,https://cdn-icons-png.flaticon.com/128/4185/4185714.png
Meditation,Indoor Observation hobby,https://cdn-icons-png.flaticon.com/128/2906/2906496.png
Microscopy,Indoor Observation hobby,https://cdn-icons-png.flaticon.com/128/17103/17103439.png
Reading,Indoor Observation hobby,https://cdn-icons-png.flaticon.com/128/4072/4072217.png
Research,Indoor Observation hobby,https://cdn-icons-png.flaticon.com/128/6012/6012178.png
Shortwave listening,Indoor Observation hobby,
Aircraft spotting,Outdoor Observation hobby,
Amateur astronomy,Outdoor Observation hobby,
Beekeeping,Outdoor Observation hobby,
Benchmarking,Outdoor Observation hobby,https://cdn-icons-png.flaticon.com/128/4923/4923178.png
Birdwatching,Outdoor Observation hobby,
Bus spotting[22,Outdoor Observation hobby,
People-watching,Outdoor Observation hobby,https://cdn-icons-png.flaticon.com/128/5601/5601266.png
Photography,Outdoor Observation hobby,
Satellite watching,Outdoor Observation hobby,
Trainspotting,Outdoor Observation hobby,
Whale watching,Outdoor Observation hobby,https://cdn-icons-png.flaticon.com/128/12690/12690937.png
Butterfly watching,Outdoor Observation hobby,
Geocaching,Outdoor Observation hobby,
Gongoozling,Outdoor Observation hobby,
Herping,Outdoor Observation hobby,
Hiking/backpacking,Outdoor Observation hobby,
Meteorology,Outdoor Observation hobby,
